path,label
/data/VadCLIP-data/UCFClipFeatures/Arrest/Arrest032_x264__0.npy,Arrest
/data/VadCLIP-data/UCFClipFeatures/Arrest/Arrest032_x264__1.npy,Arrest
/data/VadCLIP-data/UCFClipFeatures/Arrest/Arrest032_x264__2.npy,Arrest
/data/VadCLIP-data/UCFClipFeatures/Arrest/Arrest032_x264__3.npy,Arrest
/data/VadCLIP-data/UCFClipFeatures/Arrest/Arrest032_x264__4.npy,Arrest
/data/VadCLIP-data/UCFClipFeatures/Arrest/Arrest032_x264__5.npy,Arrest
/data/VadCLIP-data/UCFClipFeatures/Arrest/Arrest032_x264__6.npy,Arrest
/data/VadCLIP-data/UCFClipFeatures/Arrest/Arrest032_x264__7.npy,Arrest
/data/VadCLIP-data/UCFClipFeatures/Arrest/Arrest032_x264__8.npy,Arrest
/data/VadCLIP-data/UCFClipFeatures/Arrest/Arrest032_x264__9.npy,Arrest
/data/VadCLIP-data/UCFClipFeatures/Assault/Assault007_x264__0.npy,Assault
/data/VadCLIP-data/UCFClipFeatures/Assault/Assault007_x264__1.npy,Assault
/data/VadCLIP-data/UCFClipFeatures/Assault/Assault007_x264__2.npy,Assault
/data/VadCLIP-data/UCFClipFeatures/Assault/Assault007_x264__3.npy,Assault
/data/VadCLIP-data/UCFClipFeatures/Assault/Assault007_x264__4.npy,Assault
/data/VadCLIP-data/UCFClipFeatures/Assault/Assault007_x264__5.npy,Assault
/data/VadCLIP-data/UCFClipFeatures/Assault/Assault007_x264__6.npy,Assault
/data/VadCLIP-data/UCFClipFeatures/Assault/Assault007_x264__7.npy,Assault
/data/VadCLIP-data/UCFClipFeatures/Assault/Assault007_x264__8.npy,Assault
/data/VadCLIP-data/UCFClipFeatures/Assault/Assault007_x264__9.npy,Assault
/data/VadCLIP-data/UCFClipFeatures/Assault/Assault016_x264__0.npy,Assault
/data/VadCLIP-data/UCFClipFeatures/Assault/Assault016_x264__1.npy,Assault
/data/VadCLIP-data/UCFClipFeatures/Assault/Assault016_x264__2.npy,Assault
/data/VadCLIP-data/UCFClipFeatures/Assault/Assault016_x264__3.npy,Assault
/data/VadCLIP-data/UCFClipFeatures/Assault/Assault016_x264__4.npy,Assault
/data/VadCLIP-data/UCFClipFeatures/Assault/Assault016_x264__5.npy,Assault
/data/VadCLIP-data/UCFClipFeatures/Assault/Assault016_x264__6.npy,Assault
/data/VadCLIP-data/UCFClipFeatures/Assault/Assault016_x264__7.npy,Assault
/data/VadCLIP-data/UCFClipFeatures/Assault/Assault016_x264__8.npy,Assault
/data/VadCLIP-data/UCFClipFeatures/Assault/Assault016_x264__9.npy,Assault
/data/VadCLIP-data/UCFClipFeatures/Burglary/Burglary001_x264__0.npy,Burglary
/data/VadCLIP-data/UCFClipFeatures/Burglary/Burglary001_x264__1.npy,Burglary
/data/VadCLIP-data/UCFClipFeatures/Burglary/Burglary001_x264__2.npy,Burglary
/data/VadCLIP-data/UCFClipFeatures/Burglary/Burglary001_x264__3.npy,Burglary
/data/VadCLIP-data/UCFClipFeatures/Burglary/Burglary001_x264__4.npy,Burglary
/data/VadCLIP-data/UCFClipFeatures/Burglary/Burglary001_x264__5.npy,Burglary
/data/VadCLIP-data/UCFClipFeatures/Burglary/Burglary001_x264__6.npy,Burglary
/data/VadCLIP-data/UCFClipFeatures/Burglary/Burglary001_x264__7.npy,Burglary
/data/VadCLIP-data/UCFClipFeatures/Burglary/Burglary001_x264__8.npy,Burglary
/data/VadCLIP-data/UCFClipFeatures/Burglary/Burglary001_x264__9.npy,Burglary
/data/VadCLIP-data/UCFClipFeatures/Burglary/Burglary010_x264__0.npy,Burglary
/data/VadCLIP-data/UCFClipFeatures/Burglary/Burglary010_x264__1.npy,Burglary
/data/VadCLIP-data/UCFClipFeatures/Burglary/Burglary010_x264__2.npy,Burglary
/data/VadCLIP-data/UCFClipFeatures/Burglary/Burglary010_x264__3.npy,Burglary
/data/VadCLIP-data/UCFClipFeatures/Burglary/Burglary010_x264__4.npy,Burglary
/data/VadCLIP-data/UCFClipFeatures/Burglary/Burglary010_x264__5.npy,Burglary
/data/VadCLIP-data/UCFClipFeatures/Burglary/Burglary010_x264__6.npy,Burglary
/data/VadCLIP-data/UCFClipFeatures/Burglary/Burglary010_x264__7.npy,Burglary
/data/VadCLIP-data/UCFClipFeatures/Burglary/Burglary010_x264__8.npy,Burglary
/data/VadCLIP-data/UCFClipFeatures/Burglary/Burglary010_x264__9.npy,Burglary
/data/VadCLIP-data/UCFClipFeatures/Burglary/Burglary013_x264__0.npy,Burglary
/data/VadCLIP-data/UCFClipFeatures/Burglary/Burglary013_x264__1.npy,Burglary
/data/VadCLIP-data/UCFClipFeatures/Burglary/Burglary013_x264__2.npy,Burglary
/data/VadCLIP-data/UCFClipFeatures/Burglary/Burglary013_x264__3.npy,Burglary
/data/VadCLIP-data/UCFClipFeatures/Burglary/Burglary013_x264__4.npy,Burglary
/data/VadCLIP-data/UCFClipFeatures/Burglary/Burglary013_x264__5.npy,Burglary
/data/VadCLIP-data/UCFClipFeatures/Burglary/Burglary013_x264__6.npy,Burglary
/data/VadCLIP-data/UCFClipFeatures/Burglary/Burglary013_x264__7.npy,Burglary
/data/VadCLIP-data/UCFClipFeatures/Burglary/Burglary013_x264__8.npy,Burglary
/data/VadCLIP-data/UCFClipFeatures/Burglary/Burglary013_x264__9.npy,Burglary
/data/VadCLIP-data/UCFClipFeatures/Burglary/Burglary057_x264__0.npy,Burglary
/data/VadCLIP-data/UCFClipFeatures/Burglary/Burglary057_x264__1.npy,Burglary
/data/VadCLIP-data/UCFClipFeatures/Burglary/Burglary057_x264__2.npy,Burglary
/data/VadCLIP-data/UCFClipFeatures/Burglary/Burglary057_x264__3.npy,Burglary
/data/VadCLIP-data/UCFClipFeatures/Burglary/Burglary057_x264__4.npy,Burglary
/data/VadCLIP-data/UCFClipFeatures/Burglary/Burglary057_x264__5.npy,Burglary
/data/VadCLIP-data/UCFClipFeatures/Burglary/Burglary057_x264__6.npy,Burglary
/data/VadCLIP-data/UCFClipFeatures/Burglary/Burglary057_x264__7.npy,Burglary
/data/VadCLIP-data/UCFClipFeatures/Burglary/Burglary057_x264__8.npy,Burglary
/data/VadCLIP-data/UCFClipFeatures/Burglary/Burglary057_x264__9.npy,Burglary
/data/VadCLIP-data/UCFClipFeatures/Burglary/Burglary074_x264__0.npy,Burglary
/data/VadCLIP-data/UCFClipFeatures/Burglary/Burglary074_x264__1.npy,Burglary
/data/VadCLIP-data/UCFClipFeatures/Burglary/Burglary074_x264__2.npy,Burglary
/data/VadCLIP-data/UCFClipFeatures/Burglary/Burglary074_x264__3.npy,Burglary
/data/VadCLIP-data/UCFClipFeatures/Burglary/Burglary074_x264__4.npy,Burglary
/data/VadCLIP-data/UCFClipFeatures/Burglary/Burglary074_x264__5.npy,Burglary
/data/VadCLIP-data/UCFClipFeatures/Burglary/Burglary074_x264__6.npy,Burglary
/data/VadCLIP-data/UCFClipFeatures/Burglary/Burglary074_x264__7.npy,Burglary
/data/VadCLIP-data/UCFClipFeatures/Burglary/Burglary074_x264__8.npy,Burglary
/data/VadCLIP-data/UCFClipFeatures/Burglary/Burglary074_x264__9.npy,Burglary
/data/VadCLIP-data/UCFClipFeatures/Fighting/Fighting006_x264__0.npy,Fighting
/data/VadCLIP-data/UCFClipFeatures/Fighting/Fighting006_x264__1.npy,Fighting
/data/VadCLIP-data/UCFClipFeatures/Fighting/Fighting006_x264__2.npy,Fighting
/data/VadCLIP-data/UCFClipFeatures/Fighting/Fighting006_x264__3.npy,Fighting
/data/VadCLIP-data/UCFClipFeatures/Fighting/Fighting006_x264__4.npy,Fighting
/data/VadCLIP-data/UCFClipFeatures/Fighting/Fighting006_x264__5.npy,Fighting
/data/VadCLIP-data/UCFClipFeatures/Fighting/Fighting006_x264__6.npy,Fighting
/data/VadCLIP-data/UCFClipFeatures/Fighting/Fighting006_x264__7.npy,Fighting
/data/VadCLIP-data/UCFClipFeatures/Fighting/Fighting006_x264__8.npy,Fighting
/data/VadCLIP-data/UCFClipFeatures/Fighting/Fighting006_x264__9.npy,Fighting
/data/VadCLIP-data/UCFClipFeatures/Fighting/Fighting032_x264__0.npy,Fighting
/data/VadCLIP-data/UCFClipFeatures/Fighting/Fighting032_x264__1.npy,Fighting
/data/VadCLIP-data/UCFClipFeatures/Fighting/Fighting032_x264__2.npy,Fighting
/data/VadCLIP-data/UCFClipFeatures/Fighting/Fighting032_x264__3.npy,Fighting
/data/VadCLIP-data/UCFClipFeatures/Fighting/Fighting032_x264__4.npy,Fighting
/data/VadCLIP-data/UCFClipFeatures/Fighting/Fighting032_x264__5.npy,Fighting
/data/VadCLIP-data/UCFClipFeatures/Fighting/Fighting032_x264__6.npy,Fighting
/data/VadCLIP-data/UCFClipFeatures/Fighting/Fighting032_x264__7.npy,Fighting
/data/VadCLIP-data/UCFClipFeatures/Fighting/Fighting032_x264__8.npy,Fighting
/data/VadCLIP-data/UCFClipFeatures/Fighting/Fighting032_x264__9.npy,Fighting
/data/VadCLIP-data/UCFClipFeatures/Robbery/Robbery007_x264__0.npy,Robbery
/data/VadCLIP-data/UCFClipFeatures/Robbery/Robbery007_x264__1.npy,Robbery
/data/VadCLIP-data/UCFClipFeatures/Robbery/Robbery007_x264__2.npy,Robbery
/data/VadCLIP-data/UCFClipFeatures/Robbery/Robbery007_x264__3.npy,Robbery
/data/VadCLIP-data/UCFClipFeatures/Robbery/Robbery007_x264__4.npy,Robbery
/data/VadCLIP-data/UCFClipFeatures/Robbery/Robbery007_x264__5.npy,Robbery
/data/VadCLIP-data/UCFClipFeatures/Robbery/Robbery007_x264__6.npy,Robbery
/data/VadCLIP-data/UCFClipFeatures/Robbery/Robbery007_x264__7.npy,Robbery
/data/VadCLIP-data/UCFClipFeatures/Robbery/Robbery007_x264__8.npy,Robbery
/data/VadCLIP-data/UCFClipFeatures/Robbery/Robbery007_x264__9.npy,Robbery
/data/VadCLIP-data/UCFClipFeatures/Robbery/Robbery010_x264__0.npy,Robbery
/data/VadCLIP-data/UCFClipFeatures/Robbery/Robbery010_x264__1.npy,Robbery
/data/VadCLIP-data/UCFClipFeatures/Robbery/Robbery010_x264__2.npy,Robbery
/data/VadCLIP-data/UCFClipFeatures/Robbery/Robbery010_x264__3.npy,Robbery
/data/VadCLIP-data/UCFClipFeatures/Robbery/Robbery010_x264__4.npy,Robbery
/data/VadCLIP-data/UCFClipFeatures/Robbery/Robbery010_x264__5.npy,Robbery
/data/VadCLIP-data/UCFClipFeatures/Robbery/Robbery010_x264__6.npy,Robbery
/data/VadCLIP-data/UCFClipFeatures/Robbery/Robbery010_x264__7.npy,Robbery
/data/VadCLIP-data/UCFClipFeatures/Robbery/Robbery010_x264__8.npy,Robbery
/data/VadCLIP-data/UCFClipFeatures/Robbery/Robbery010_x264__9.npy,Robbery
/data/VadCLIP-data/UCFClipFeatures/Robbery/Robbery014_x264__0.npy,Robbery
/data/VadCLIP-data/UCFClipFeatures/Robbery/Robbery014_x264__1.npy,Robbery
/data/VadCLIP-data/UCFClipFeatures/Robbery/Robbery014_x264__2.npy,Robbery
/data/VadCLIP-data/UCFClipFeatures/Robbery/Robbery014_x264__3.npy,Robbery
/data/VadCLIP-data/UCFClipFeatures/Robbery/Robbery014_x264__4.npy,Robbery
/data/VadCLIP-data/UCFClipFeatures/Robbery/Robbery014_x264__5.npy,Robbery
/data/VadCLIP-data/UCFClipFeatures/Robbery/Robbery014_x264__6.npy,Robbery
/data/VadCLIP-data/UCFClipFeatures/Robbery/Robbery014_x264__7.npy,Robbery
/data/VadCLIP-data/UCFClipFeatures/Robbery/Robbery014_x264__8.npy,Robbery
/data/VadCLIP-data/UCFClipFeatures/Robbery/Robbery014_x264__9.npy,Robbery
/data/VadCLIP-data/UCFClipFeatures/Robbery/Robbery015_x264__0.npy,Robbery
/data/VadCLIP-data/UCFClipFeatures/Robbery/Robbery015_x264__1.npy,Robbery
/data/VadCLIP-data/UCFClipFeatures/Robbery/Robbery015_x264__2.npy,Robbery
/data/VadCLIP-data/UCFClipFeatures/Robbery/Robbery015_x264__3.npy,Robbery
/data/VadCLIP-data/UCFClipFeatures/Robbery/Robbery015_x264__4.npy,Robbery
/data/VadCLIP-data/UCFClipFeatures/Robbery/Robbery015_x264__5.npy,Robbery
/data/VadCLIP-data/UCFClipFeatures/Robbery/Robbery015_x264__6.npy,Robbery
/data/VadCLIP-data/UCFClipFeatures/Robbery/Robbery015_x264__7.npy,Robbery
/data/VadCLIP-data/UCFClipFeatures/Robbery/Robbery015_x264__8.npy,Robbery
/data/VadCLIP-data/UCFClipFeatures/Robbery/Robbery015_x264__9.npy,Robbery
/data/VadCLIP-data/UCFClipFeatures/Robbery/Robbery020_x264__0.npy,Robbery
/data/VadCLIP-data/UCFClipFeatures/Robbery/Robbery020_x264__1.npy,Robbery
/data/VadCLIP-data/UCFClipFeatures/Robbery/Robbery020_x264__2.npy,Robbery
/data/VadCLIP-data/UCFClipFeatures/Robbery/Robbery020_x264__3.npy,Robbery
/data/VadCLIP-data/UCFClipFeatures/Robbery/Robbery020_x264__4.npy,Robbery
/data/VadCLIP-data/UCFClipFeatures/Robbery/Robbery020_x264__5.npy,Robbery
/data/VadCLIP-data/UCFClipFeatures/Robbery/Robbery020_x264__6.npy,Robbery
/data/VadCLIP-data/UCFClipFeatures/Robbery/Robbery020_x264__7.npy,Robbery
/data/VadCLIP-data/UCFClipFeatures/Robbery/Robbery020_x264__8.npy,Robbery
/data/VadCLIP-data/UCFClipFeatures/Robbery/Robbery020_x264__9.npy,Robbery
/data/VadCLIP-data/UCFClipFeatures/Robbery/Robbery022_x264__0.npy,Robbery
/data/VadCLIP-data/UCFClipFeatures/Robbery/Robbery022_x264__1.npy,Robbery
/data/VadCLIP-data/UCFClipFeatures/Robbery/Robbery022_x264__2.npy,Robbery
/data/VadCLIP-data/UCFClipFeatures/Robbery/Robbery022_x264__3.npy,Robbery
/data/VadCLIP-data/UCFClipFeatures/Robbery/Robbery022_x264__4.npy,Robbery
/data/VadCLIP-data/UCFClipFeatures/Robbery/Robbery022_x264__5.npy,Robbery
/data/VadCLIP-data/UCFClipFeatures/Robbery/Robbery022_x264__6.npy,Robbery
/data/VadCLIP-data/UCFClipFeatures/Robbery/Robbery022_x264__7.npy,Robbery
/data/VadCLIP-data/UCFClipFeatures/Robbery/Robbery022_x264__8.npy,Robbery
/data/VadCLIP-data/UCFClipFeatures/Robbery/Robbery022_x264__9.npy,Robbery
/data/VadCLIP-data/UCFClipFeatures/Robbery/Robbery024_x264__0.npy,Robbery
/data/VadCLIP-data/UCFClipFeatures/Robbery/Robbery024_x264__1.npy,Robbery
/data/VadCLIP-data/UCFClipFeatures/Robbery/Robbery024_x264__2.npy,Robbery
/data/VadCLIP-data/UCFClipFeatures/Robbery/Robbery024_x264__3.npy,Robbery
/data/VadCLIP-data/UCFClipFeatures/Robbery/Robbery024_x264__4.npy,Robbery
/data/VadCLIP-data/UCFClipFeatures/Robbery/Robbery024_x264__5.npy,Robbery
/data/VadCLIP-data/UCFClipFeatures/Robbery/Robbery024_x264__6.npy,Robbery
/data/VadCLIP-data/UCFClipFeatures/Robbery/Robbery024_x264__7.npy,Robbery
/data/VadCLIP-data/UCFClipFeatures/Robbery/Robbery024_x264__8.npy,Robbery
/data/VadCLIP-data/UCFClipFeatures/Robbery/Robbery024_x264__9.npy,Robbery
/data/VadCLIP-data/UCFClipFeatures/Robbery/Robbery036_x264__0.npy,Robbery
/data/VadCLIP-data/UCFClipFeatures/Robbery/Robbery036_x264__1.npy,Robbery
/data/VadCLIP-data/UCFClipFeatures/Robbery/Robbery036_x264__2.npy,Robbery
/data/VadCLIP-data/UCFClipFeatures/Robbery/Robbery036_x264__3.npy,Robbery
/data/VadCLIP-data/UCFClipFeatures/Robbery/Robbery036_x264__4.npy,Robbery
/data/VadCLIP-data/UCFClipFeatures/Robbery/Robbery036_x264__5.npy,Robbery
/data/VadCLIP-data/UCFClipFeatures/Robbery/Robbery036_x264__6.npy,Robbery
/data/VadCLIP-data/UCFClipFeatures/Robbery/Robbery036_x264__7.npy,Robbery
/data/VadCLIP-data/UCFClipFeatures/Robbery/Robbery036_x264__8.npy,Robbery
/data/VadCLIP-data/UCFClipFeatures/Robbery/Robbery036_x264__9.npy,Robbery
/data/VadCLIP-data/UCFClipFeatures/Robbery/Robbery039_x264__0.npy,Robbery
/data/VadCLIP-data/UCFClipFeatures/Robbery/Robbery039_x264__1.npy,Robbery
/data/VadCLIP-data/UCFClipFeatures/Robbery/Robbery039_x264__2.npy,Robbery
/data/VadCLIP-data/UCFClipFeatures/Robbery/Robbery039_x264__3.npy,Robbery
/data/VadCLIP-data/UCFClipFeatures/Robbery/Robbery039_x264__4.npy,Robbery
/data/VadCLIP-data/UCFClipFeatures/Robbery/Robbery039_x264__5.npy,Robbery
/data/VadCLIP-data/UCFClipFeatures/Robbery/Robbery039_x264__6.npy,Robbery
/data/VadCLIP-data/UCFClipFeatures/Robbery/Robbery039_x264__7.npy,Robbery
/data/VadCLIP-data/UCFClipFeatures/Robbery/Robbery039_x264__8.npy,Robbery
/data/VadCLIP-data/UCFClipFeatures/Robbery/Robbery039_x264__9.npy,Robbery
/data/VadCLIP-data/UCFClipFeatures/Robbery/Robbery062_x264__0.npy,Robbery
/data/VadCLIP-data/UCFClipFeatures/Robbery/Robbery062_x264__1.npy,Robbery
/data/VadCLIP-data/UCFClipFeatures/Robbery/Robbery062_x264__2.npy,Robbery
/data/VadCLIP-data/UCFClipFeatures/Robbery/Robbery062_x264__3.npy,Robbery
/data/VadCLIP-data/UCFClipFeatures/Robbery/Robbery062_x264__4.npy,Robbery
/data/VadCLIP-data/UCFClipFeatures/Robbery/Robbery062_x264__5.npy,Robbery
/data/VadCLIP-data/UCFClipFeatures/Robbery/Robbery062_x264__6.npy,Robbery
/data/VadCLIP-data/UCFClipFeatures/Robbery/Robbery062_x264__7.npy,Robbery
/data/VadCLIP-data/UCFClipFeatures/Robbery/Robbery062_x264__8.npy,Robbery
/data/VadCLIP-data/UCFClipFeatures/Robbery/Robbery062_x264__9.npy,Robbery
/data/VadCLIP-data/UCFClipFeatures/Robbery/Robbery065_x264__0.npy,Robbery
/data/VadCLIP-data/UCFClipFeatures/Robbery/Robbery065_x264__1.npy,Robbery
/data/VadCLIP-data/UCFClipFeatures/Robbery/Robbery065_x264__2.npy,Robbery
/data/VadCLIP-data/UCFClipFeatures/Robbery/Robbery065_x264__3.npy,Robbery
/data/VadCLIP-data/UCFClipFeatures/Robbery/Robbery065_x264__4.npy,Robbery
/data/VadCLIP-data/UCFClipFeatures/Robbery/Robbery065_x264__5.npy,Robbery
/data/VadCLIP-data/UCFClipFeatures/Robbery/Robbery065_x264__6.npy,Robbery
/data/VadCLIP-data/UCFClipFeatures/Robbery/Robbery065_x264__7.npy,Robbery
/data/VadCLIP-data/UCFClipFeatures/Robbery/Robbery065_x264__8.npy,Robbery
/data/VadCLIP-data/UCFClipFeatures/Robbery/Robbery065_x264__9.npy,Robbery
/data/VadCLIP-data/UCFClipFeatures/Robbery/Robbery070_x264__0.npy,Robbery
/data/VadCLIP-data/UCFClipFeatures/Robbery/Robbery070_x264__1.npy,Robbery
/data/VadCLIP-data/UCFClipFeatures/Robbery/Robbery070_x264__2.npy,Robbery
/data/VadCLIP-data/UCFClipFeatures/Robbery/Robbery070_x264__3.npy,Robbery
/data/VadCLIP-data/UCFClipFeatures/Robbery/Robbery070_x264__4.npy,Robbery
/data/VadCLIP-data/UCFClipFeatures/Robbery/Robbery070_x264__5.npy,Robbery
/data/VadCLIP-data/UCFClipFeatures/Robbery/Robbery070_x264__6.npy,Robbery
/data/VadCLIP-data/UCFClipFeatures/Robbery/Robbery070_x264__7.npy,Robbery
/data/VadCLIP-data/UCFClipFeatures/Robbery/Robbery070_x264__8.npy,Robbery
/data/VadCLIP-data/UCFClipFeatures/Robbery/Robbery070_x264__9.npy,Robbery
/data/VadCLIP-data/UCFClipFeatures/Robbery/Robbery073_x264__0.npy,Robbery
/data/VadCLIP-data/UCFClipFeatures/Robbery/Robbery073_x264__1.npy,Robbery
/data/VadCLIP-data/UCFClipFeatures/Robbery/Robbery073_x264__2.npy,Robbery
/data/VadCLIP-data/UCFClipFeatures/Robbery/Robbery073_x264__3.npy,Robbery
/data/VadCLIP-data/UCFClipFeatures/Robbery/Robbery073_x264__4.npy,Robbery
/data/VadCLIP-data/UCFClipFeatures/Robbery/Robbery073_x264__5.npy,Robbery
/data/VadCLIP-data/UCFClipFeatures/Robbery/Robbery073_x264__6.npy,Robbery
/data/VadCLIP-data/UCFClipFeatures/Robbery/Robbery073_x264__7.npy,Robbery
/data/VadCLIP-data/UCFClipFeatures/Robbery/Robbery073_x264__8.npy,Robbery
/data/VadCLIP-data/UCFClipFeatures/Robbery/Robbery073_x264__9.npy,Robbery
/data/VadCLIP-data/UCFClipFeatures/Robbery/Robbery075_x264__0.npy,Robbery
/data/VadCLIP-data/UCFClipFeatures/Robbery/Robbery075_x264__1.npy,Robbery
/data/VadCLIP-data/UCFClipFeatures/Robbery/Robbery075_x264__2.npy,Robbery
/data/VadCLIP-data/UCFClipFeatures/Robbery/Robbery075_x264__3.npy,Robbery
/data/VadCLIP-data/UCFClipFeatures/Robbery/Robbery075_x264__4.npy,Robbery
/data/VadCLIP-data/UCFClipFeatures/Robbery/Robbery075_x264__5.npy,Robbery
/data/VadCLIP-data/UCFClipFeatures/Robbery/Robbery075_x264__6.npy,Robbery
/data/VadCLIP-data/UCFClipFeatures/Robbery/Robbery075_x264__7.npy,Robbery
/data/VadCLIP-data/UCFClipFeatures/Robbery/Robbery075_x264__8.npy,Robbery
/data/VadCLIP-data/UCFClipFeatures/Robbery/Robbery075_x264__9.npy,Robbery
/data/VadCLIP-data/UCFClipFeatures/Robbery/Robbery084_x264__0.npy,Robbery
/data/VadCLIP-data/UCFClipFeatures/Robbery/Robbery084_x264__1.npy,Robbery
/data/VadCLIP-data/UCFClipFeatures/Robbery/Robbery084_x264__2.npy,Robbery
/data/VadCLIP-data/UCFClipFeatures/Robbery/Robbery084_x264__3.npy,Robbery
/data/VadCLIP-data/UCFClipFeatures/Robbery/Robbery084_x264__4.npy,Robbery
/data/VadCLIP-data/UCFClipFeatures/Robbery/Robbery084_x264__5.npy,Robbery
/data/VadCLIP-data/UCFClipFeatures/Robbery/Robbery084_x264__6.npy,Robbery
/data/VadCLIP-data/UCFClipFeatures/Robbery/Robbery084_x264__7.npy,Robbery
/data/VadCLIP-data/UCFClipFeatures/Robbery/Robbery084_x264__8.npy,Robbery
/data/VadCLIP-data/UCFClipFeatures/Robbery/Robbery084_x264__9.npy,Robbery
/data/VadCLIP-data/UCFClipFeatures/Robbery/Robbery085_x264__0.npy,Robbery
/data/VadCLIP-data/UCFClipFeatures/Robbery/Robbery085_x264__1.npy,Robbery
/data/VadCLIP-data/UCFClipFeatures/Robbery/Robbery085_x264__2.npy,Robbery
/data/VadCLIP-data/UCFClipFeatures/Robbery/Robbery085_x264__3.npy,Robbery
/data/VadCLIP-data/UCFClipFeatures/Robbery/Robbery085_x264__4.npy,Robbery
/data/VadCLIP-data/UCFClipFeatures/Robbery/Robbery085_x264__5.npy,Robbery
/data/VadCLIP-data/UCFClipFeatures/Robbery/Robbery085_x264__6.npy,Robbery
/data/VadCLIP-data/UCFClipFeatures/Robbery/Robbery085_x264__7.npy,Robbery
/data/VadCLIP-data/UCFClipFeatures/Robbery/Robbery085_x264__8.npy,Robbery
/data/VadCLIP-data/UCFClipFeatures/Robbery/Robbery085_x264__9.npy,Robbery
/data/VadCLIP-data/UCFClipFeatures/Robbery/Robbery090_x264__0.npy,Robbery
/data/VadCLIP-data/UCFClipFeatures/Robbery/Robbery090_x264__1.npy,Robbery
/data/VadCLIP-data/UCFClipFeatures/Robbery/Robbery090_x264__2.npy,Robbery
/data/VadCLIP-data/UCFClipFeatures/Robbery/Robbery090_x264__3.npy,Robbery
/data/VadCLIP-data/UCFClipFeatures/Robbery/Robbery090_x264__4.npy,Robbery
/data/VadCLIP-data/UCFClipFeatures/Robbery/Robbery090_x264__5.npy,Robbery
/data/VadCLIP-data/UCFClipFeatures/Robbery/Robbery090_x264__6.npy,Robbery
/data/VadCLIP-data/UCFClipFeatures/Robbery/Robbery090_x264__7.npy,Robbery
/data/VadCLIP-data/UCFClipFeatures/Robbery/Robbery090_x264__8.npy,Robbery
/data/VadCLIP-data/UCFClipFeatures/Robbery/Robbery090_x264__9.npy,Robbery
/data/VadCLIP-data/UCFClipFeatures/Robbery/Robbery093_x264__0.npy,Robbery
/data/VadCLIP-data/UCFClipFeatures/Robbery/Robbery093_x264__1.npy,Robbery
/data/VadCLIP-data/UCFClipFeatures/Robbery/Robbery093_x264__2.npy,Robbery
/data/VadCLIP-data/UCFClipFeatures/Robbery/Robbery093_x264__3.npy,Robbery
/data/VadCLIP-data/UCFClipFeatures/Robbery/Robbery093_x264__4.npy,Robbery
/data/VadCLIP-data/UCFClipFeatures/Robbery/Robbery093_x264__5.npy,Robbery
/data/VadCLIP-data/UCFClipFeatures/Robbery/Robbery093_x264__6.npy,Robbery
/data/VadCLIP-data/UCFClipFeatures/Robbery/Robbery093_x264__7.npy,Robbery
/data/VadCLIP-data/UCFClipFeatures/Robbery/Robbery093_x264__8.npy,Robbery
/data/VadCLIP-data/UCFClipFeatures/Robbery/Robbery093_x264__9.npy,Robbery
/data/VadCLIP-data/UCFClipFeatures/Robbery/Robbery094_x264__0.npy,Robbery
/data/VadCLIP-data/UCFClipFeatures/Robbery/Robbery094_x264__1.npy,Robbery
/data/VadCLIP-data/UCFClipFeatures/Robbery/Robbery094_x264__2.npy,Robbery
/data/VadCLIP-data/UCFClipFeatures/Robbery/Robbery094_x264__3.npy,Robbery
/data/VadCLIP-data/UCFClipFeatures/Robbery/Robbery094_x264__4.npy,Robbery
/data/VadCLIP-data/UCFClipFeatures/Robbery/Robbery094_x264__5.npy,Robbery
/data/VadCLIP-data/UCFClipFeatures/Robbery/Robbery094_x264__6.npy,Robbery
/data/VadCLIP-data/UCFClipFeatures/Robbery/Robbery094_x264__7.npy,Robbery
/data/VadCLIP-data/UCFClipFeatures/Robbery/Robbery094_x264__8.npy,Robbery
/data/VadCLIP-data/UCFClipFeatures/Robbery/Robbery094_x264__9.npy,Robbery
/data/VadCLIP-data/UCFClipFeatures/Robbery/Robbery113_x264__0.npy,Robbery
/data/VadCLIP-data/UCFClipFeatures/Robbery/Robbery113_x264__1.npy,Robbery
/data/VadCLIP-data/UCFClipFeatures/Robbery/Robbery113_x264__2.npy,Robbery
/data/VadCLIP-data/UCFClipFeatures/Robbery/Robbery113_x264__3.npy,Robbery
/data/VadCLIP-data/UCFClipFeatures/Robbery/Robbery113_x264__4.npy,Robbery
/data/VadCLIP-data/UCFClipFeatures/Robbery/Robbery113_x264__5.npy,Robbery
/data/VadCLIP-data/UCFClipFeatures/Robbery/Robbery113_x264__6.npy,Robbery
/data/VadCLIP-data/UCFClipFeatures/Robbery/Robbery113_x264__7.npy,Robbery
/data/VadCLIP-data/UCFClipFeatures/Robbery/Robbery113_x264__8.npy,Robbery
/data/VadCLIP-data/UCFClipFeatures/Robbery/Robbery113_x264__9.npy,Robbery
/data/VadCLIP-data/UCFClipFeatures/Robbery/Robbery117_x264__0.npy,Robbery
/data/VadCLIP-data/UCFClipFeatures/Robbery/Robbery117_x264__1.npy,Robbery
/data/VadCLIP-data/UCFClipFeatures/Robbery/Robbery117_x264__2.npy,Robbery
/data/VadCLIP-data/UCFClipFeatures/Robbery/Robbery117_x264__3.npy,Robbery
/data/VadCLIP-data/UCFClipFeatures/Robbery/Robbery117_x264__4.npy,Robbery
/data/VadCLIP-data/UCFClipFeatures/Robbery/Robbery117_x264__5.npy,Robbery
/data/VadCLIP-data/UCFClipFeatures/Robbery/Robbery117_x264__6.npy,Robbery
/data/VadCLIP-data/UCFClipFeatures/Robbery/Robbery117_x264__7.npy,Robbery
/data/VadCLIP-data/UCFClipFeatures/Robbery/Robbery117_x264__8.npy,Robbery
/data/VadCLIP-data/UCFClipFeatures/Robbery/Robbery117_x264__9.npy,Robbery
/data/VadCLIP-data/UCFClipFeatures/Robbery/Robbery123_x264__0.npy,Robbery
/data/VadCLIP-data/UCFClipFeatures/Robbery/Robbery123_x264__1.npy,Robbery
/data/VadCLIP-data/UCFClipFeatures/Robbery/Robbery123_x264__2.npy,Robbery
/data/VadCLIP-data/UCFClipFeatures/Robbery/Robbery123_x264__3.npy,Robbery
/data/VadCLIP-data/UCFClipFeatures/Robbery/Robbery123_x264__4.npy,Robbery
/data/VadCLIP-data/UCFClipFeatures/Robbery/Robbery123_x264__5.npy,Robbery
/data/VadCLIP-data/UCFClipFeatures/Robbery/Robbery123_x264__6.npy,Robbery
/data/VadCLIP-data/UCFClipFeatures/Robbery/Robbery123_x264__7.npy,Robbery
/data/VadCLIP-data/UCFClipFeatures/Robbery/Robbery123_x264__8.npy,Robbery
/data/VadCLIP-data/UCFClipFeatures/Robbery/Robbery123_x264__9.npy,Robbery
/data/VadCLIP-data/UCFClipFeatures/Shooting/Shooting009_x264__0.npy,Shooting
/data/VadCLIP-data/UCFClipFeatures/Shooting/Shooting009_x264__1.npy,Shooting
/data/VadCLIP-data/UCFClipFeatures/Shooting/Shooting009_x264__2.npy,Shooting
/data/VadCLIP-data/UCFClipFeatures/Shooting/Shooting009_x264__3.npy,Shooting
/data/VadCLIP-data/UCFClipFeatures/Shooting/Shooting009_x264__4.npy,Shooting
/data/VadCLIP-data/UCFClipFeatures/Shooting/Shooting009_x264__5.npy,Shooting
/data/VadCLIP-data/UCFClipFeatures/Shooting/Shooting009_x264__6.npy,Shooting
/data/VadCLIP-data/UCFClipFeatures/Shooting/Shooting009_x264__7.npy,Shooting
/data/VadCLIP-data/UCFClipFeatures/Shooting/Shooting009_x264__8.npy,Shooting
/data/VadCLIP-data/UCFClipFeatures/Shooting/Shooting009_x264__9.npy,Shooting
/data/VadCLIP-data/UCFClipFeatures/Shooting/Shooting031_x264__0.npy,Shooting
/data/VadCLIP-data/UCFClipFeatures/Shooting/Shooting031_x264__1.npy,Shooting
/data/VadCLIP-data/UCFClipFeatures/Shooting/Shooting031_x264__2.npy,Shooting
/data/VadCLIP-data/UCFClipFeatures/Shooting/Shooting031_x264__3.npy,Shooting
/data/VadCLIP-data/UCFClipFeatures/Shooting/Shooting031_x264__4.npy,Shooting
/data/VadCLIP-data/UCFClipFeatures/Shooting/Shooting031_x264__5.npy,Shooting
/data/VadCLIP-data/UCFClipFeatures/Shooting/Shooting031_x264__6.npy,Shooting
/data/VadCLIP-data/UCFClipFeatures/Shooting/Shooting031_x264__7.npy,Shooting
/data/VadCLIP-data/UCFClipFeatures/Shooting/Shooting031_x264__8.npy,Shooting
/data/VadCLIP-data/UCFClipFeatures/Shooting/Shooting031_x264__9.npy,Shooting
/data/VadCLIP-data/UCFClipFeatures/Training_Normal_Videos_Anomaly/Normal_Videos028_x264__0.npy,Normal
/data/VadCLIP-data/UCFClipFeatures/Training_Normal_Videos_Anomaly/Normal_Videos028_x264__1.npy,Normal
/data/VadCLIP-data/UCFClipFeatures/Training_Normal_Videos_Anomaly/Normal_Videos028_x264__2.npy,Normal
/data/VadCLIP-data/UCFClipFeatures/Training_Normal_Videos_Anomaly/Normal_Videos028_x264__3.npy,Normal
/data/VadCLIP-data/UCFClipFeatures/Training_Normal_Videos_Anomaly/Normal_Videos028_x264__4.npy,Normal
/data/VadCLIP-data/UCFClipFeatures/Training_Normal_Videos_Anomaly/Normal_Videos028_x264__5.npy,Normal
/data/VadCLIP-data/UCFClipFeatures/Training_Normal_Videos_Anomaly/Normal_Videos028_x264__6.npy,Normal
/data/VadCLIP-data/UCFClipFeatures/Training_Normal_Videos_Anomaly/Normal_Videos028_x264__7.npy,Normal
/data/VadCLIP-data/UCFClipFeatures/Training_Normal_Videos_Anomaly/Normal_Videos028_x264__8.npy,Normal
/data/VadCLIP-data/UCFClipFeatures/Training_Normal_Videos_Anomaly/Normal_Videos028_x264__9.npy,Normal
/data/VadCLIP-data/UCFClipFeatures/Training_Normal_Videos_Anomaly/Normal_Videos037_x264__0.npy,Normal
/data/VadCLIP-data/UCFClipFeatures/Training_Normal_Videos_Anomaly/Normal_Videos037_x264__1.npy,Normal
/data/VadCLIP-data/UCFClipFeatures/Training_Normal_Videos_Anomaly/Normal_Videos037_x264__2.npy,Normal
/data/VadCLIP-data/UCFClipFeatures/Training_Normal_Videos_Anomaly/Normal_Videos037_x264__3.npy,Normal
/data/VadCLIP-data/UCFClipFeatures/Training_Normal_Videos_Anomaly/Normal_Videos037_x264__4.npy,Normal
/data/VadCLIP-data/UCFClipFeatures/Training_Normal_Videos_Anomaly/Normal_Videos037_x264__5.npy,Normal
/data/VadCLIP-data/UCFClipFeatures/Training_Normal_Videos_Anomaly/Normal_Videos037_x264__6.npy,Normal
/data/VadCLIP-data/UCFClipFeatures/Training_Normal_Videos_Anomaly/Normal_Videos037_x264__7.npy,Normal
/data/VadCLIP-data/UCFClipFeatures/Training_Normal_Videos_Anomaly/Normal_Videos037_x264__8.npy,Normal
/data/VadCLIP-data/UCFClipFeatures/Training_Normal_Videos_Anomaly/Normal_Videos037_x264__9.npy,Normal
/data/VadCLIP-data/UCFClipFeatures/Training_Normal_Videos_Anomaly/Normal_Videos043_x264__0.npy,Normal
/data/VadCLIP-data/UCFClipFeatures/Training_Normal_Videos_Anomaly/Normal_Videos043_x264__1.npy,Normal
/data/VadCLIP-data/UCFClipFeatures/Training_Normal_Videos_Anomaly/Normal_Videos043_x264__2.npy,Normal
/data/VadCLIP-data/UCFClipFeatures/Training_Normal_Videos_Anomaly/Normal_Videos043_x264__3.npy,Normal
/data/VadCLIP-data/UCFClipFeatures/Training_Normal_Videos_Anomaly/Normal_Videos043_x264__4.npy,Normal
/data/VadCLIP-data/UCFClipFeatures/Training_Normal_Videos_Anomaly/Normal_Videos043_x264__5.npy,Normal
/data/VadCLIP-data/UCFClipFeatures/Training_Normal_Videos_Anomaly/Normal_Videos043_x264__6.npy,Normal
/data/VadCLIP-data/UCFClipFeatures/Training_Normal_Videos_Anomaly/Normal_Videos043_x264__7.npy,Normal
/data/VadCLIP-data/UCFClipFeatures/Training_Normal_Videos_Anomaly/Normal_Videos043_x264__8.npy,Normal
/data/VadCLIP-data/UCFClipFeatures/Training_Normal_Videos_Anomaly/Normal_Videos043_x264__9.npy,Normal
/data/VadCLIP-data/UCFClipFeatures/Training_Normal_Videos_Anomaly/Normal_Videos052_x264__0.npy,Normal
/data/VadCLIP-data/UCFClipFeatures/Training_Normal_Videos_Anomaly/Normal_Videos052_x264__1.npy,Normal
/data/VadCLIP-data/UCFClipFeatures/Training_Normal_Videos_Anomaly/Normal_Videos052_x264__2.npy,Normal
/data/VadCLIP-data/UCFClipFeatures/Training_Normal_Videos_Anomaly/Normal_Videos052_x264__3.npy,Normal
/data/VadCLIP-data/UCFClipFeatures/Training_Normal_Videos_Anomaly/Normal_Videos052_x264__4.npy,Normal
/data/VadCLIP-data/UCFClipFeatures/Training_Normal_Videos_Anomaly/Normal_Videos052_x264__5.npy,Normal
/data/VadCLIP-data/UCFClipFeatures/Training_Normal_Videos_Anomaly/Normal_Videos052_x264__6.npy,Normal
/data/VadCLIP-data/UCFClipFeatures/Training_Normal_Videos_Anomaly/Normal_Videos052_x264__7.npy,Normal
/data/VadCLIP-data/UCFClipFeatures/Training_Normal_Videos_Anomaly/Normal_Videos052_x264__8.npy,Normal
/data/VadCLIP-data/UCFClipFeatures/Training_Normal_Videos_Anomaly/Normal_Videos052_x264__9.npy,Normal
/data/VadCLIP-data/UCFClipFeatures/Training_Normal_Videos_Anomaly/Normal_Videos054_x264__0.npy,Normal
/data/VadCLIP-data/UCFClipFeatures/Training_Normal_Videos_Anomaly/Normal_Videos054_x264__1.npy,Normal
/data/VadCLIP-data/UCFClipFeatures/Training_Normal_Videos_Anomaly/Normal_Videos054_x264__2.npy,Normal
/data/VadCLIP-data/UCFClipFeatures/Training_Normal_Videos_Anomaly/Normal_Videos054_x264__3.npy,Normal
/data/VadCLIP-data/UCFClipFeatures/Training_Normal_Videos_Anomaly/Normal_Videos054_x264__4.npy,Normal
/data/VadCLIP-data/UCFClipFeatures/Training_Normal_Videos_Anomaly/Normal_Videos054_x264__5.npy,Normal
/data/VadCLIP-data/UCFClipFeatures/Training_Normal_Videos_Anomaly/Normal_Videos054_x264__6.npy,Normal
/data/VadCLIP-data/UCFClipFeatures/Training_Normal_Videos_Anomaly/Normal_Videos054_x264__7.npy,Normal
/data/VadCLIP-data/UCFClipFeatures/Training_Normal_Videos_Anomaly/Normal_Videos054_x264__8.npy,Normal
/data/VadCLIP-data/UCFClipFeatures/Training_Normal_Videos_Anomaly/Normal_Videos054_x264__9.npy,Normal
/data/VadCLIP-data/UCFClipFeatures/Training_Normal_Videos_Anomaly/Normal_Videos057_x264__0.npy,Normal
/data/VadCLIP-data/UCFClipFeatures/Training_Normal_Videos_Anomaly/Normal_Videos057_x264__1.npy,Normal
/data/VadCLIP-data/UCFClipFeatures/Training_Normal_Videos_Anomaly/Normal_Videos057_x264__2.npy,Normal
/data/VadCLIP-data/UCFClipFeatures/Training_Normal_Videos_Anomaly/Normal_Videos057_x264__3.npy,Normal
/data/VadCLIP-data/UCFClipFeatures/Training_Normal_Videos_Anomaly/Normal_Videos057_x264__4.npy,Normal
/data/VadCLIP-data/UCFClipFeatures/Training_Normal_Videos_Anomaly/Normal_Videos057_x264__5.npy,Normal
/data/VadCLIP-data/UCFClipFeatures/Training_Normal_Videos_Anomaly/Normal_Videos057_x264__6.npy,Normal
/data/VadCLIP-data/UCFClipFeatures/Training_Normal_Videos_Anomaly/Normal_Videos057_x264__7.npy,Normal
/data/VadCLIP-data/UCFClipFeatures/Training_Normal_Videos_Anomaly/Normal_Videos057_x264__8.npy,Normal
/data/VadCLIP-data/UCFClipFeatures/Training_Normal_Videos_Anomaly/Normal_Videos057_x264__9.npy,Normal
/data/VadCLIP-data/UCFClipFeatures/Training_Normal_Videos_Anomaly/Normal_Videos101_x264__0.npy,Normal
/data/VadCLIP-data/UCFClipFeatures/Training_Normal_Videos_Anomaly/Normal_Videos101_x264__1.npy,Normal
/data/VadCLIP-data/UCFClipFeatures/Training_Normal_Videos_Anomaly/Normal_Videos101_x264__2.npy,Normal
/data/VadCLIP-data/UCFClipFeatures/Training_Normal_Videos_Anomaly/Normal_Videos101_x264__3.npy,Normal
/data/VadCLIP-data/UCFClipFeatures/Training_Normal_Videos_Anomaly/Normal_Videos101_x264__4.npy,Normal
/data/VadCLIP-data/UCFClipFeatures/Training_Normal_Videos_Anomaly/Normal_Videos101_x264__5.npy,Normal
/data/VadCLIP-data/UCFClipFeatures/Training_Normal_Videos_Anomaly/Normal_Videos101_x264__6.npy,Normal
/data/VadCLIP-data/UCFClipFeatures/Training_Normal_Videos_Anomaly/Normal_Videos101_x264__7.npy,Normal
/data/VadCLIP-data/UCFClipFeatures/Training_Normal_Videos_Anomaly/Normal_Videos101_x264__8.npy,Normal
/data/VadCLIP-data/UCFClipFeatures/Training_Normal_Videos_Anomaly/Normal_Videos101_x264__9.npy,Normal
/data/VadCLIP-data/UCFClipFeatures/Training_Normal_Videos_Anomaly/Normal_Videos115_x264__0.npy,Normal
/data/VadCLIP-data/UCFClipFeatures/Training_Normal_Videos_Anomaly/Normal_Videos115_x264__1.npy,Normal
/data/VadCLIP-data/UCFClipFeatures/Training_Normal_Videos_Anomaly/Normal_Videos115_x264__2.npy,Normal
/data/VadCLIP-data/UCFClipFeatures/Training_Normal_Videos_Anomaly/Normal_Videos115_x264__3.npy,Normal
/data/VadCLIP-data/UCFClipFeatures/Training_Normal_Videos_Anomaly/Normal_Videos115_x264__4.npy,Normal
/data/VadCLIP-data/UCFClipFeatures/Training_Normal_Videos_Anomaly/Normal_Videos115_x264__5.npy,Normal
/data/VadCLIP-data/UCFClipFeatures/Training_Normal_Videos_Anomaly/Normal_Videos115_x264__6.npy,Normal
/data/VadCLIP-data/UCFClipFeatures/Training_Normal_Videos_Anomaly/Normal_Videos115_x264__7.npy,Normal
/data/VadCLIP-data/UCFClipFeatures/Training_Normal_Videos_Anomaly/Normal_Videos115_x264__8.npy,Normal
/data/VadCLIP-data/UCFClipFeatures/Training_Normal_Videos_Anomaly/Normal_Videos115_x264__9.npy,Normal
/data/VadCLIP-data/UCFClipFeatures/Training_Normal_Videos_Anomaly/Normal_Videos157_x264__0.npy,Normal
/data/VadCLIP-data/UCFClipFeatures/Training_Normal_Videos_Anomaly/Normal_Videos157_x264__1.npy,Normal
/data/VadCLIP-data/UCFClipFeatures/Training_Normal_Videos_Anomaly/Normal_Videos157_x264__2.npy,Normal
/data/VadCLIP-data/UCFClipFeatures/Training_Normal_Videos_Anomaly/Normal_Videos157_x264__3.npy,Normal
/data/VadCLIP-data/UCFClipFeatures/Training_Normal_Videos_Anomaly/Normal_Videos157_x264__4.npy,Normal
/data/VadCLIP-data/UCFClipFeatures/Training_Normal_Videos_Anomaly/Normal_Videos157_x264__5.npy,Normal
/data/VadCLIP-data/UCFClipFeatures/Training_Normal_Videos_Anomaly/Normal_Videos157_x264__6.npy,Normal
/data/VadCLIP-data/UCFClipFeatures/Training_Normal_Videos_Anomaly/Normal_Videos157_x264__7.npy,Normal
/data/VadCLIP-data/UCFClipFeatures/Training_Normal_Videos_Anomaly/Normal_Videos157_x264__8.npy,Normal
/data/VadCLIP-data/UCFClipFeatures/Training_Normal_Videos_Anomaly/Normal_Videos157_x264__9.npy,Normal
/data/VadCLIP-data/UCFClipFeatures/Training_Normal_Videos_Anomaly/Normal_Videos159_x264__0.npy,Normal
/data/VadCLIP-data/UCFClipFeatures/Training_Normal_Videos_Anomaly/Normal_Videos159_x264__1.npy,Normal
/data/VadCLIP-data/UCFClipFeatures/Training_Normal_Videos_Anomaly/Normal_Videos159_x264__2.npy,Normal
/data/VadCLIP-data/UCFClipFeatures/Training_Normal_Videos_Anomaly/Normal_Videos159_x264__3.npy,Normal
/data/VadCLIP-data/UCFClipFeatures/Training_Normal_Videos_Anomaly/Normal_Videos159_x264__4.npy,Normal
/data/VadCLIP-data/UCFClipFeatures/Training_Normal_Videos_Anomaly/Normal_Videos159_x264__5.npy,Normal
/data/VadCLIP-data/UCFClipFeatures/Training_Normal_Videos_Anomaly/Normal_Videos159_x264__6.npy,Normal
/data/VadCLIP-data/UCFClipFeatures/Training_Normal_Videos_Anomaly/Normal_Videos159_x264__7.npy,Normal
/data/VadCLIP-data/UCFClipFeatures/Training_Normal_Videos_Anomaly/Normal_Videos159_x264__8.npy,Normal
/data/VadCLIP-data/UCFClipFeatures/Training_Normal_Videos_Anomaly/Normal_Videos159_x264__9.npy,Normal
/data/VadCLIP-data/UCFClipFeatures/Training_Normal_Videos_Anomaly/Normal_Videos171_x264__0.npy,Normal
/data/VadCLIP-data/UCFClipFeatures/Training_Normal_Videos_Anomaly/Normal_Videos171_x264__1.npy,Normal
/data/VadCLIP-data/UCFClipFeatures/Training_Normal_Videos_Anomaly/Normal_Videos171_x264__2.npy,Normal
/data/VadCLIP-data/UCFClipFeatures/Training_Normal_Videos_Anomaly/Normal_Videos171_x264__3.npy,Normal
/data/VadCLIP-data/UCFClipFeatures/Training_Normal_Videos_Anomaly/Normal_Videos171_x264__4.npy,Normal
/data/VadCLIP-data/UCFClipFeatures/Training_Normal_Videos_Anomaly/Normal_Videos171_x264__5.npy,Normal
/data/VadCLIP-data/UCFClipFeatures/Training_Normal_Videos_Anomaly/Normal_Videos171_x264__6.npy,Normal
/data/VadCLIP-data/UCFClipFeatures/Training_Normal_Videos_Anomaly/Normal_Videos171_x264__7.npy,Normal
/data/VadCLIP-data/UCFClipFeatures/Training_Normal_Videos_Anomaly/Normal_Videos171_x264__8.npy,Normal
/data/VadCLIP-data/UCFClipFeatures/Training_Normal_Videos_Anomaly/Normal_Videos171_x264__9.npy,Normal
/data/VadCLIP-data/UCFClipFeatures/Training_Normal_Videos_Anomaly/Normal_Videos181_x264__0.npy,Normal
/data/VadCLIP-data/UCFClipFeatures/Training_Normal_Videos_Anomaly/Normal_Videos181_x264__1.npy,Normal
/data/VadCLIP-data/UCFClipFeatures/Training_Normal_Videos_Anomaly/Normal_Videos181_x264__2.npy,Normal
/data/VadCLIP-data/UCFClipFeatures/Training_Normal_Videos_Anomaly/Normal_Videos181_x264__3.npy,Normal
/data/VadCLIP-data/UCFClipFeatures/Training_Normal_Videos_Anomaly/Normal_Videos181_x264__4.npy,Normal
/data/VadCLIP-data/UCFClipFeatures/Training_Normal_Videos_Anomaly/Normal_Videos181_x264__5.npy,Normal
/data/VadCLIP-data/UCFClipFeatures/Training_Normal_Videos_Anomaly/Normal_Videos181_x264__6.npy,Normal
/data/VadCLIP-data/UCFClipFeatures/Training_Normal_Videos_Anomaly/Normal_Videos181_x264__7.npy,Normal
/data/VadCLIP-data/UCFClipFeatures/Training_Normal_Videos_Anomaly/Normal_Videos181_x264__8.npy,Normal
/data/VadCLIP-data/UCFClipFeatures/Training_Normal_Videos_Anomaly/Normal_Videos181_x264__9.npy,Normal
/data/VadCLIP-data/UCFClipFeatures/Training_Normal_Videos_Anomaly/Normal_Videos199_x264__0.npy,Normal
/data/VadCLIP-data/UCFClipFeatures/Training_Normal_Videos_Anomaly/Normal_Videos199_x264__1.npy,Normal
/data/VadCLIP-data/UCFClipFeatures/Training_Normal_Videos_Anomaly/Normal_Videos199_x264__2.npy,Normal
/data/VadCLIP-data/UCFClipFeatures/Training_Normal_Videos_Anomaly/Normal_Videos199_x264__3.npy,Normal
/data/VadCLIP-data/UCFClipFeatures/Training_Normal_Videos_Anomaly/Normal_Videos199_x264__4.npy,Normal
/data/VadCLIP-data/UCFClipFeatures/Training_Normal_Videos_Anomaly/Normal_Videos199_x264__5.npy,Normal
/data/VadCLIP-data/UCFClipFeatures/Training_Normal_Videos_Anomaly/Normal_Videos199_x264__6.npy,Normal
/data/VadCLIP-data/UCFClipFeatures/Training_Normal_Videos_Anomaly/Normal_Videos199_x264__7.npy,Normal
/data/VadCLIP-data/UCFClipFeatures/Training_Normal_Videos_Anomaly/Normal_Videos199_x264__8.npy,Normal
/data/VadCLIP-data/UCFClipFeatures/Training_Normal_Videos_Anomaly/Normal_Videos199_x264__9.npy,Normal
/data/VadCLIP-data/UCFClipFeatures/Training_Normal_Videos_Anomaly/Normal_Videos207_x264__0.npy,Normal
/data/VadCLIP-data/UCFClipFeatures/Training_Normal_Videos_Anomaly/Normal_Videos207_x264__1.npy,Normal
/data/VadCLIP-data/UCFClipFeatures/Training_Normal_Videos_Anomaly/Normal_Videos207_x264__2.npy,Normal
/data/VadCLIP-data/UCFClipFeatures/Training_Normal_Videos_Anomaly/Normal_Videos207_x264__3.npy,Normal
/data/VadCLIP-data/UCFClipFeatures/Training_Normal_Videos_Anomaly/Normal_Videos207_x264__4.npy,Normal
/data/VadCLIP-data/UCFClipFeatures/Training_Normal_Videos_Anomaly/Normal_Videos207_x264__5.npy,Normal
/data/VadCLIP-data/UCFClipFeatures/Training_Normal_Videos_Anomaly/Normal_Videos207_x264__6.npy,Normal
/data/VadCLIP-data/UCFClipFeatures/Training_Normal_Videos_Anomaly/Normal_Videos207_x264__7.npy,Normal
/data/VadCLIP-data/UCFClipFeatures/Training_Normal_Videos_Anomaly/Normal_Videos207_x264__8.npy,Normal
/data/VadCLIP-data/UCFClipFeatures/Training_Normal_Videos_Anomaly/Normal_Videos207_x264__9.npy,Normal
/data/VadCLIP-data/UCFClipFeatures/Training_Normal_Videos_Anomaly/Normal_Videos235_x264__0.npy,Normal
/data/VadCLIP-data/UCFClipFeatures/Training_Normal_Videos_Anomaly/Normal_Videos235_x264__1.npy,Normal
/data/VadCLIP-data/UCFClipFeatures/Training_Normal_Videos_Anomaly/Normal_Videos235_x264__2.npy,Normal
/data/VadCLIP-data/UCFClipFeatures/Training_Normal_Videos_Anomaly/Normal_Videos235_x264__3.npy,Normal
/data/VadCLIP-data/UCFClipFeatures/Training_Normal_Videos_Anomaly/Normal_Videos235_x264__4.npy,Normal
/data/VadCLIP-data/UCFClipFeatures/Training_Normal_Videos_Anomaly/Normal_Videos235_x264__5.npy,Normal
/data/VadCLIP-data/UCFClipFeatures/Training_Normal_Videos_Anomaly/Normal_Videos235_x264__6.npy,Normal
/data/VadCLIP-data/UCFClipFeatures/Training_Normal_Videos_Anomaly/Normal_Videos235_x264__7.npy,Normal
/data/VadCLIP-data/UCFClipFeatures/Training_Normal_Videos_Anomaly/Normal_Videos235_x264__8.npy,Normal
/data/VadCLIP-data/UCFClipFeatures/Training_Normal_Videos_Anomaly/Normal_Videos235_x264__9.npy,Normal
/data/VadCLIP-data/UCFClipFeatures/Training_Normal_Videos_Anomaly/Normal_Videos243_x264__0.npy,Normal
/data/VadCLIP-data/UCFClipFeatures/Training_Normal_Videos_Anomaly/Normal_Videos243_x264__1.npy,Normal
/data/VadCLIP-data/UCFClipFeatures/Training_Normal_Videos_Anomaly/Normal_Videos243_x264__2.npy,Normal
/data/VadCLIP-data/UCFClipFeatures/Training_Normal_Videos_Anomaly/Normal_Videos243_x264__3.npy,Normal
/data/VadCLIP-data/UCFClipFeatures/Training_Normal_Videos_Anomaly/Normal_Videos243_x264__4.npy,Normal
/data/VadCLIP-data/UCFClipFeatures/Training_Normal_Videos_Anomaly/Normal_Videos243_x264__5.npy,Normal
/data/VadCLIP-data/UCFClipFeatures/Training_Normal_Videos_Anomaly/Normal_Videos243_x264__6.npy,Normal
/data/VadCLIP-data/UCFClipFeatures/Training_Normal_Videos_Anomaly/Normal_Videos243_x264__7.npy,Normal
/data/VadCLIP-data/UCFClipFeatures/Training_Normal_Videos_Anomaly/Normal_Videos243_x264__8.npy,Normal
/data/VadCLIP-data/UCFClipFeatures/Training_Normal_Videos_Anomaly/Normal_Videos243_x264__9.npy,Normal
/data/VadCLIP-data/UCFClipFeatures/Training_Normal_Videos_Anomaly/Normal_Videos255_x264__0.npy,Normal
/data/VadCLIP-data/UCFClipFeatures/Training_Normal_Videos_Anomaly/Normal_Videos255_x264__1.npy,Normal
/data/VadCLIP-data/UCFClipFeatures/Training_Normal_Videos_Anomaly/Normal_Videos255_x264__2.npy,Normal
/data/VadCLIP-data/UCFClipFeatures/Training_Normal_Videos_Anomaly/Normal_Videos255_x264__3.npy,Normal
/data/VadCLIP-data/UCFClipFeatures/Training_Normal_Videos_Anomaly/Normal_Videos255_x264__4.npy,Normal
/data/VadCLIP-data/UCFClipFeatures/Training_Normal_Videos_Anomaly/Normal_Videos255_x264__5.npy,Normal
/data/VadCLIP-data/UCFClipFeatures/Training_Normal_Videos_Anomaly/Normal_Videos255_x264__6.npy,Normal
/data/VadCLIP-data/UCFClipFeatures/Training_Normal_Videos_Anomaly/Normal_Videos255_x264__7.npy,Normal
/data/VadCLIP-data/UCFClipFeatures/Training_Normal_Videos_Anomaly/Normal_Videos255_x264__8.npy,Normal
/data/VadCLIP-data/UCFClipFeatures/Training_Normal_Videos_Anomaly/Normal_Videos255_x264__9.npy,Normal
/data/VadCLIP-data/UCFClipFeatures/Training_Normal_Videos_Anomaly/Normal_Videos286_x264__0.npy,Normal
/data/VadCLIP-data/UCFClipFeatures/Training_Normal_Videos_Anomaly/Normal_Videos286_x264__1.npy,Normal
/data/VadCLIP-data/UCFClipFeatures/Training_Normal_Videos_Anomaly/Normal_Videos286_x264__2.npy,Normal
/data/VadCLIP-data/UCFClipFeatures/Training_Normal_Videos_Anomaly/Normal_Videos286_x264__3.npy,Normal
/data/VadCLIP-data/UCFClipFeatures/Training_Normal_Videos_Anomaly/Normal_Videos286_x264__4.npy,Normal
/data/VadCLIP-data/UCFClipFeatures/Training_Normal_Videos_Anomaly/Normal_Videos286_x264__5.npy,Normal
/data/VadCLIP-data/UCFClipFeatures/Training_Normal_Videos_Anomaly/Normal_Videos286_x264__6.npy,Normal
/data/VadCLIP-data/UCFClipFeatures/Training_Normal_Videos_Anomaly/Normal_Videos286_x264__7.npy,Normal
/data/VadCLIP-data/UCFClipFeatures/Training_Normal_Videos_Anomaly/Normal_Videos286_x264__8.npy,Normal
/data/VadCLIP-data/UCFClipFeatures/Training_Normal_Videos_Anomaly/Normal_Videos286_x264__9.npy,Normal
/data/VadCLIP-data/UCFClipFeatures/Training_Normal_Videos_Anomaly/Normal_Videos323_x264__0.npy,Normal
/data/VadCLIP-data/UCFClipFeatures/Training_Normal_Videos_Anomaly/Normal_Videos323_x264__1.npy,Normal
/data/VadCLIP-data/UCFClipFeatures/Training_Normal_Videos_Anomaly/Normal_Videos323_x264__2.npy,Normal
/data/VadCLIP-data/UCFClipFeatures/Training_Normal_Videos_Anomaly/Normal_Videos323_x264__3.npy,Normal
/data/VadCLIP-data/UCFClipFeatures/Training_Normal_Videos_Anomaly/Normal_Videos323_x264__4.npy,Normal
/data/VadCLIP-data/UCFClipFeatures/Training_Normal_Videos_Anomaly/Normal_Videos323_x264__5.npy,Normal
/data/VadCLIP-data/UCFClipFeatures/Training_Normal_Videos_Anomaly/Normal_Videos323_x264__6.npy,Normal
/data/VadCLIP-data/UCFClipFeatures/Training_Normal_Videos_Anomaly/Normal_Videos323_x264__7.npy,Normal
/data/VadCLIP-data/UCFClipFeatures/Training_Normal_Videos_Anomaly/Normal_Videos323_x264__8.npy,Normal
/data/VadCLIP-data/UCFClipFeatures/Training_Normal_Videos_Anomaly/Normal_Videos323_x264__9.npy,Normal
/data/VadCLIP-data/UCFClipFeatures/Training_Normal_Videos_Anomaly/Normal_Videos375_x264__0.npy,Normal
/data/VadCLIP-data/UCFClipFeatures/Training_Normal_Videos_Anomaly/Normal_Videos375_x264__1.npy,Normal
/data/VadCLIP-data/UCFClipFeatures/Training_Normal_Videos_Anomaly/Normal_Videos375_x264__2.npy,Normal
/data/VadCLIP-data/UCFClipFeatures/Training_Normal_Videos_Anomaly/Normal_Videos375_x264__3.npy,Normal
/data/VadCLIP-data/UCFClipFeatures/Training_Normal_Videos_Anomaly/Normal_Videos375_x264__4.npy,Normal
/data/VadCLIP-data/UCFClipFeatures/Training_Normal_Videos_Anomaly/Normal_Videos375_x264__5.npy,Normal
/data/VadCLIP-data/UCFClipFeatures/Training_Normal_Videos_Anomaly/Normal_Videos375_x264__6.npy,Normal
/data/VadCLIP-data/UCFClipFeatures/Training_Normal_Videos_Anomaly/Normal_Videos375_x264__7.npy,Normal
/data/VadCLIP-data/UCFClipFeatures/Training_Normal_Videos_Anomaly/Normal_Videos375_x264__8.npy,Normal
/data/VadCLIP-data/UCFClipFeatures/Training_Normal_Videos_Anomaly/Normal_Videos375_x264__9.npy,Normal
/data/VadCLIP-data/UCFClipFeatures/Training_Normal_Videos_Anomaly/Normal_Videos399_x264__0.npy,Normal
/data/VadCLIP-data/UCFClipFeatures/Training_Normal_Videos_Anomaly/Normal_Videos399_x264__1.npy,Normal
/data/VadCLIP-data/UCFClipFeatures/Training_Normal_Videos_Anomaly/Normal_Videos399_x264__2.npy,Normal
/data/VadCLIP-data/UCFClipFeatures/Training_Normal_Videos_Anomaly/Normal_Videos399_x264__3.npy,Normal
/data/VadCLIP-data/UCFClipFeatures/Training_Normal_Videos_Anomaly/Normal_Videos399_x264__4.npy,Normal
/data/VadCLIP-data/UCFClipFeatures/Training_Normal_Videos_Anomaly/Normal_Videos399_x264__5.npy,Normal
/data/VadCLIP-data/UCFClipFeatures/Training_Normal_Videos_Anomaly/Normal_Videos399_x264__6.npy,Normal
/data/VadCLIP-data/UCFClipFeatures/Training_Normal_Videos_Anomaly/Normal_Videos399_x264__7.npy,Normal
/data/VadCLIP-data/UCFClipFeatures/Training_Normal_Videos_Anomaly/Normal_Videos399_x264__8.npy,Normal
/data/VadCLIP-data/UCFClipFeatures/Training_Normal_Videos_Anomaly/Normal_Videos399_x264__9.npy,Normal
/data/VadCLIP-data/UCFClipFeatures/Training_Normal_Videos_Anomaly/Normal_Videos446_x264__0.npy,Normal
/data/VadCLIP-data/UCFClipFeatures/Training_Normal_Videos_Anomaly/Normal_Videos446_x264__1.npy,Normal
/data/VadCLIP-data/UCFClipFeatures/Training_Normal_Videos_Anomaly/Normal_Videos446_x264__2.npy,Normal
/data/VadCLIP-data/UCFClipFeatures/Training_Normal_Videos_Anomaly/Normal_Videos446_x264__3.npy,Normal
/data/VadCLIP-data/UCFClipFeatures/Training_Normal_Videos_Anomaly/Normal_Videos446_x264__4.npy,Normal
/data/VadCLIP-data/UCFClipFeatures/Training_Normal_Videos_Anomaly/Normal_Videos446_x264__5.npy,Normal
/data/VadCLIP-data/UCFClipFeatures/Training_Normal_Videos_Anomaly/Normal_Videos446_x264__6.npy,Normal
/data/VadCLIP-data/UCFClipFeatures/Training_Normal_Videos_Anomaly/Normal_Videos446_x264__7.npy,Normal
/data/VadCLIP-data/UCFClipFeatures/Training_Normal_Videos_Anomaly/Normal_Videos446_x264__8.npy,Normal
/data/VadCLIP-data/UCFClipFeatures/Training_Normal_Videos_Anomaly/Normal_Videos446_x264__9.npy,Normal
/data/VadCLIP-data/UCFClipFeatures/Training_Normal_Videos_Anomaly/Normal_Videos468_x264__0.npy,Normal
/data/VadCLIP-data/UCFClipFeatures/Training_Normal_Videos_Anomaly/Normal_Videos468_x264__1.npy,Normal
/data/VadCLIP-data/UCFClipFeatures/Training_Normal_Videos_Anomaly/Normal_Videos468_x264__2.npy,Normal
/data/VadCLIP-data/UCFClipFeatures/Training_Normal_Videos_Anomaly/Normal_Videos468_x264__3.npy,Normal
/data/VadCLIP-data/UCFClipFeatures/Training_Normal_Videos_Anomaly/Normal_Videos468_x264__4.npy,Normal
/data/VadCLIP-data/UCFClipFeatures/Training_Normal_Videos_Anomaly/Normal_Videos468_x264__5.npy,Normal
/data/VadCLIP-data/UCFClipFeatures/Training_Normal_Videos_Anomaly/Normal_Videos468_x264__6.npy,Normal
/data/VadCLIP-data/UCFClipFeatures/Training_Normal_Videos_Anomaly/Normal_Videos468_x264__7.npy,Normal
/data/VadCLIP-data/UCFClipFeatures/Training_Normal_Videos_Anomaly/Normal_Videos468_x264__8.npy,Normal
/data/VadCLIP-data/UCFClipFeatures/Training_Normal_Videos_Anomaly/Normal_Videos468_x264__9.npy,Normal
/data/VadCLIP-data/UCFClipFeatures/Training_Normal_Videos_Anomaly/Normal_Videos544_x264__0.npy,Normal
/data/VadCLIP-data/UCFClipFeatures/Training_Normal_Videos_Anomaly/Normal_Videos544_x264__1.npy,Normal
/data/VadCLIP-data/UCFClipFeatures/Training_Normal_Videos_Anomaly/Normal_Videos544_x264__2.npy,Normal
/data/VadCLIP-data/UCFClipFeatures/Training_Normal_Videos_Anomaly/Normal_Videos544_x264__3.npy,Normal
/data/VadCLIP-data/UCFClipFeatures/Training_Normal_Videos_Anomaly/Normal_Videos544_x264__4.npy,Normal
/data/VadCLIP-data/UCFClipFeatures/Training_Normal_Videos_Anomaly/Normal_Videos544_x264__5.npy,Normal
/data/VadCLIP-data/UCFClipFeatures/Training_Normal_Videos_Anomaly/Normal_Videos544_x264__6.npy,Normal
/data/VadCLIP-data/UCFClipFeatures/Training_Normal_Videos_Anomaly/Normal_Videos544_x264__7.npy,Normal
/data/VadCLIP-data/UCFClipFeatures/Training_Normal_Videos_Anomaly/Normal_Videos544_x264__8.npy,Normal
/data/VadCLIP-data/UCFClipFeatures/Training_Normal_Videos_Anomaly/Normal_Videos544_x264__9.npy,Normal
/data/VadCLIP-data/UCFClipFeatures/Training_Normal_Videos_Anomaly/Normal_Videos566_x264__0.npy,Normal
/data/VadCLIP-data/UCFClipFeatures/Training_Normal_Videos_Anomaly/Normal_Videos566_x264__1.npy,Normal
/data/VadCLIP-data/UCFClipFeatures/Training_Normal_Videos_Anomaly/Normal_Videos566_x264__2.npy,Normal
/data/VadCLIP-data/UCFClipFeatures/Training_Normal_Videos_Anomaly/Normal_Videos566_x264__3.npy,Normal
/data/VadCLIP-data/UCFClipFeatures/Training_Normal_Videos_Anomaly/Normal_Videos566_x264__4.npy,Normal
/data/VadCLIP-data/UCFClipFeatures/Training_Normal_Videos_Anomaly/Normal_Videos566_x264__5.npy,Normal
/data/VadCLIP-data/UCFClipFeatures/Training_Normal_Videos_Anomaly/Normal_Videos566_x264__6.npy,Normal
/data/VadCLIP-data/UCFClipFeatures/Training_Normal_Videos_Anomaly/Normal_Videos566_x264__7.npy,Normal
/data/VadCLIP-data/UCFClipFeatures/Training_Normal_Videos_Anomaly/Normal_Videos566_x264__8.npy,Normal
/data/VadCLIP-data/UCFClipFeatures/Training_Normal_Videos_Anomaly/Normal_Videos566_x264__9.npy,Normal
/data/VadCLIP-data/UCFClipFeatures/Training_Normal_Videos_Anomaly/Normal_Videos628_x264__0.npy,Normal
/data/VadCLIP-data/UCFClipFeatures/Training_Normal_Videos_Anomaly/Normal_Videos628_x264__1.npy,Normal
/data/VadCLIP-data/UCFClipFeatures/Training_Normal_Videos_Anomaly/Normal_Videos628_x264__2.npy,Normal
/data/VadCLIP-data/UCFClipFeatures/Training_Normal_Videos_Anomaly/Normal_Videos628_x264__3.npy,Normal
/data/VadCLIP-data/UCFClipFeatures/Training_Normal_Videos_Anomaly/Normal_Videos628_x264__4.npy,Normal
/data/VadCLIP-data/UCFClipFeatures/Training_Normal_Videos_Anomaly/Normal_Videos628_x264__5.npy,Normal
/data/VadCLIP-data/UCFClipFeatures/Training_Normal_Videos_Anomaly/Normal_Videos628_x264__6.npy,Normal
/data/VadCLIP-data/UCFClipFeatures/Training_Normal_Videos_Anomaly/Normal_Videos628_x264__7.npy,Normal
/data/VadCLIP-data/UCFClipFeatures/Training_Normal_Videos_Anomaly/Normal_Videos628_x264__8.npy,Normal
/data/VadCLIP-data/UCFClipFeatures/Training_Normal_Videos_Anomaly/Normal_Videos628_x264__9.npy,Normal
/data/VadCLIP-data/UCFClipFeatures/Training_Normal_Videos_Anomaly/Normal_Videos639_x264__0.npy,Normal
/data/VadCLIP-data/UCFClipFeatures/Training_Normal_Videos_Anomaly/Normal_Videos639_x264__1.npy,Normal
/data/VadCLIP-data/UCFClipFeatures/Training_Normal_Videos_Anomaly/Normal_Videos639_x264__2.npy,Normal
/data/VadCLIP-data/UCFClipFeatures/Training_Normal_Videos_Anomaly/Normal_Videos639_x264__3.npy,Normal
/data/VadCLIP-data/UCFClipFeatures/Training_Normal_Videos_Anomaly/Normal_Videos639_x264__4.npy,Normal
/data/VadCLIP-data/UCFClipFeatures/Training_Normal_Videos_Anomaly/Normal_Videos639_x264__5.npy,Normal
/data/VadCLIP-data/UCFClipFeatures/Training_Normal_Videos_Anomaly/Normal_Videos639_x264__6.npy,Normal
/data/VadCLIP-data/UCFClipFeatures/Training_Normal_Videos_Anomaly/Normal_Videos639_x264__7.npy,Normal
/data/VadCLIP-data/UCFClipFeatures/Training_Normal_Videos_Anomaly/Normal_Videos639_x264__8.npy,Normal
/data/VadCLIP-data/UCFClipFeatures/Training_Normal_Videos_Anomaly/Normal_Videos639_x264__9.npy,Normal
